"Handle","Body (HTML)"
"saoder-q10-vitamin-c-facial-cleanser-face-wash-foam-facial-cleansing-mossee-moisturizing-brightening-facial-skin-care-products","<p><strong>Espuma Limpiadora con Coenzima Q10 y Vitamina C</strong></p>
<p><strong>Limpieza profunda. Luminosidad cada día.</strong></p>
<p>Esta delicada espuma limpiadora combina <strong>Coenzima Q10</strong> y <strong>Vitamina C</strong> para limpiar la piel en profundidad sin resecarla. Su fórmula ligera elimina eficazmente las impurezas, el maquillaje y el exceso de grasa, dejando la piel limpia, fresca y visiblemente más luminosa desde la primera limpieza.</p>
<p>La <strong>Coenzima Q10</strong> ayuda a mantener la elasticidad natural de la piel, mientras que la <strong>Vitamina C</strong> es conocida por aportar luminosidad y mejorar el aspecto de las pieles apagadas y con tono desigual. Juntas ofrecen una limpieza que va mucho más allá de eliminar las impurezas.</p>
<p><strong>Aplica, masajea y aclara. Así de sencillo.</strong></p>
<h3>Lo que notarás</h3>
<ul>
<li>
<p>Piel más suave y fresca al instante.</p>
</li>
<li>
<p>Menos brillo graso y poros con un aspecto más limpio.</p>
</li>
<li>
<p>Un tono de piel más uniforme y luminoso con el uso continuado.</p>
</li>
<li>
<p>Sensación de limpieza sin tirantez ni sequedad.</p>
</li>
</ul>
<p><strong>[XX ml]</strong> — Apta para el uso diario, mañana y noche.</p>
<hr>
<h3>📦 Envío y Entrega</h3>
<p>Preparamos tu pedido en <strong>1 a 2 días laborables</strong>. El plazo de entrega habitual es de <strong>7 a 14 días laborables</strong>. Recibirás automáticamente un correo electrónico con el número de seguimiento en cuanto tu pedido sea enviado.</p>
<p>✅ <strong>Envío gratuito a partir de 50 €</strong><br>🔄 <strong>Garantía de devolución de 30 días.</strong> Si no quedas satisfecho, ponte en contacto con nosotros y encontraremos una solución.<br>🔒 <strong>Pago 100 % seguro</strong> con PayPal, Visa, Mastercard, Apple Pay y Google Pay.</p>"
"6-piece-ice-roller-facial-skin-care-ice-roller-set-facial-roller-scraping-facial-tool-face-wash-skin-care-three-piece-set","<h1><strong>Set Facial de Rodillo de Hielo y Gua Sha</strong></h1>
<h2><strong>Una piel más fresca y luminosa en solo 2 minutos.</strong></h2>
<p>Transforma tu rutina de cuidado facial con este elegante set que combina los beneficios del <strong>rodillo de hielo</strong>, el <strong>rodillo facial</strong> y la <strong>Gua Sha</strong>. Diseñado para refrescar la piel, aliviar la sensación de hinchazón y convertir cada aplicación en un auténtico ritual de belleza.</p>
<p>Utilízalo por la mañana para despertar la piel con una agradable sensación de frescor o por la noche para disfrutar de un momento de relajación después de un largo día.</p>
<p><strong>Desliza, masajea y disfruta. Así de sencillo.</strong></p>
<h2>Lo que notarás</h2>
<ul>
<li>
<p>Piel con un aspecto más fresco y revitalizado.</p>
</li>
<li>
<p>Una agradable sensación de frescor, especialmente en la zona del contorno de ojos.</p>
</li>
<li>
<p>Un masaje relajante para el rostro y la mandíbula.</p>
</li>
<li>
<p>Favorece la absorción de tu sérum o crema facial.</p>
</li>
</ul>
<p><strong>Set de [número de piezas]</strong> que incluye un rodillo de hielo, un rodillo facial y una piedra Gua Sha.</p>
<hr>
<h2>📦 Envío y Entrega</h2>
<p>Preparamos tu pedido en <strong>1 a 2 días laborables</strong>. El plazo de entrega habitual es de <strong>7 a 14 días laborables</strong>. Recibirás automáticamente un correo electrónico con la información de seguimiento en cuanto tu pedido sea enviado.</p>
<p>✅ <strong>Envío gratuito en pedidos superiores a 50 €</strong><br>🔄 <strong>Garantía de devolución de 30 días.</strong> Si no quedas satisfecho, ponte en contacto con nosotros y encontraremos una solución.<br>🔒 <strong>Pago 100 % seguro</strong> con PayPal, Visa, Mastercard, Apple Pay y Google Pay.</p>"
"reusable-face-strap-v-line-mask-double-chin-reducer-chin-up-patch-chin-strap-v-shaped-belt-v-shaped-face-mask-for-sagging","<h1><strong>Banda Facial Redefinidora V-Line</strong></h1>
<h2><strong>Realza el contorno de tu rostro con comodidad.</strong></h2>
<p>Descubre una forma sencilla de complementar tu rutina de belleza con la <strong>Banda Facial Redefinidora V-Line</strong>. Diseñada para ajustarse cómodamente al rostro, proporciona una agradable sensación de sujeción en la zona del mentón y la mandíbula, convirtiéndose en el complemento perfecto para tu cuidado diario.</p>
<p>Úsala durante <strong>20 a 30 minutos al día</strong> mientras lees, ves la televisión o disfrutas de un momento de relajación. Gracias a su cierre de velcro ajustable, resulta cómoda y fácil de adaptar.</p>
<p><strong>Colócala, ajústala y disfruta de tu momento de cuidado. Así de sencillo.</strong></p>
<h2>Lo que te encantará</h2>
<ul>
<li>
<p>Sensación de firmeza y sujeción en la zona del mentón y la mandíbula.</p>
</li>
<li>
<p>Ayuda a realzar visualmente el contorno facial durante su uso.</p>
</li>
<li>
<p>Diseño cómodo, ligero y reutilizable.</p>
</li>
<li>
<p>Ideal para incorporar a tu rutina diaria de belleza.</p>
</li>
</ul>
<p><strong>Talla única</strong> con cierre de velcro ajustable, diseñada para adaptarse cómodamente a la mayoría de los rostros.</p>
<hr>
<h2>📦 Envío y Entrega</h2>
<p>Preparamos tu pedido en <strong>1 a 2 días laborables</strong>. El plazo de entrega habitual es de <strong>7 a 14 días laborables</strong>. Recibirás automáticamente un correo electrónico con la información de seguimiento en cuanto tu pedido sea enviado.</p>
<p>✅ <strong>Envío gratuito en pedidos superiores a 50 €</strong><br>🔄 <strong>Garantía de devolución de 30 días.</strong> Si no quedas satisfecho, ponte en contacto con nosotros y encontraremos una solución.<br>🔒 <strong>Pago 100 % seguro</strong> con PayPal, Visa, Mastercard, Apple Pay y Google Pay.</p>"
"100g-koec-azucar-glow-exfoliator-facial-sugar-scrub-exfoliation-hydration-brightening-cell-renewal-oil-control-natural-glow","<h1><strong>Exfoliante Iluminador</strong></h1>
<h2><strong>Piel más suave. Luminosidad natural. En un solo paso.</strong></h2>
<p>Descubre un exfoliante suave formulado con finos cristales de azúcar que elimina delicadamente las células muertas y las impurezas sin resecar ni agredir la piel. Su fórmula combina ingredientes nutritivos e iluminadores para dejar la piel visiblemente más suave, fresca y con un aspecto más uniforme después de cada uso.</p>
<p>Ideal para quienes desean devolver la luminosidad a una piel apagada, mejorar la textura del rostro y disfrutar de una limpieza profunda sin recurrir a exfoliaciones agresivas.</p>
<p><strong>Aplica sobre la piel húmeda con suaves movimientos circulares, deja actuar unos instantes y aclara con agua tibia.</strong> Para obtener los mejores resultados, utilízalo <strong>2 o 3 veces por semana</strong>. Evita aplicarlo sobre piel irritada, quemada por el sol o recién tratada.</p>
<h2>Lo que notarás</h2>
<ul>
<li>
<p>Piel más suave desde el primer uso.</p>
</li>
<li>
<p>Sensación de limpieza profunda y frescura.</p>
</li>
<li>
<p>Un tono de piel más uniforme y luminoso con el uso continuado.</p>
</li>
<li>
<p>Ayuda a mantener una piel con un aspecto saludable y renovado.</p>
</li>
</ul>
<p><strong>100 g</strong> — Apto para el rostro y también para labios y otras zonas secas que necesiten una exfoliación suave.</p>
<hr>
<h2>📦 Envío y Entrega</h2>
<p>Preparamos tu pedido en <strong>1 a 2 días laborables</strong>. El plazo de entrega habitual es de <strong>7 a 14 días laborables</strong>. Recibirás automáticamente un correo electrónico con la información de seguimiento en cuanto tu pedido sea enviado.</p>
<p>✅ <strong>Envío gratuito en pedidos superiores a 50 €</strong><br>🔄 <strong>Garantía de devolución de 30 días.</strong> Si no quedas satisfecho, ponte en contacto con nosotros y encontraremos una solución.<br>🔒 <strong>Pago 100 % seguro</strong> con PayPal, Visa, Mastercard, Apple Pay y Google Pay.</p>"
"korean-rice-extract-sunscreen-cream-spf50-hydrating-moisturizing-tone-up-primer-lightweight-concealer-even-skin-tone","<h1><strong>Protector Solar Iluminador SPF50+ con Extracto de Arroz</strong></h1>
<h2><strong>Protección diaria que cuida y realza tu piel.</strong></h2>
<p>Disfruta de una protección solar de amplio espectro con <strong>SPF50+</strong>, enriquecida con <strong>extracto de arroz</strong>, un ingrediente muy apreciado en la cosmética coreana por sus propiedades hidratantes y por ayudar a aportar luminosidad a la piel.</p>
<p>Su textura ligera se absorbe rápidamente, no deja residuos blancos y proporciona un acabado natural y uniforme, ideal para utilizar sola o como base antes del maquillaje.</p>
<p><strong>Aplica como último paso de tu rutina facial de mañana.</strong> Extiende una cantidad uniforme sobre el rostro y el cuello antes de la exposición al sol y reaplica cuando sea necesario, especialmente tras nadar, sudar o secarte con una toalla.</p>
<h2>Lo que te encantará</h2>
<ul>
<li>
<p>Protección solar diaria <strong>SPF50+</strong> de amplio espectro.</p>
</li>
<li>
<p>Acabado más uniforme y luminoso al instante.</p>
</li>
<li>
<p>Textura ligera, cómoda y de rápida absorción.</p>
</li>
<li>
<p>Ideal como base antes del maquillaje.</p>
</li>
<li>
<p>Ayuda a mantener la piel hidratada durante el día.</p>
</li>
</ul>
<p><strong>[Contenido]</strong> — Apto para el uso diario y para todo tipo de piel.</p>
<hr>
<h2>📦 Envío y Entrega</h2>
<p>Preparamos tu pedido en <strong>1 a 2 días laborables</strong>. El plazo de entrega habitual es de <strong>7 a 14 días laborables</strong>. Recibirás automáticamente un correo electrónico con la información de seguimiento en cuanto tu pedido sea enviado.</p>
<p>✅ <strong>Envío gratuito en pedidos superiores a 50 €</strong><br>🔄 <strong>Garantía de devolución de 30 días.</strong> Si no quedas satisfecho, ponte en contacto con nosotros y encontraremos una solución.<br>🔒 <strong>Pago 100 % seguro</strong> con PayPal, Visa, Mastercard, Apple Pay y Google Pay.</p>"
"zero-pore-toner-pads-control-oil-reduce-sebum-exfoliate-deep-clean-refines-pores-antioxidant-skincare-treatment-skincare-korean","<h1><strong>Discos Tónicos Refinadores de Poros</strong></h1>
<h2><strong>Poros con un aspecto más refinado. Piel fresca y equilibrada. Con cada pasada.</strong></h2>
<p>Estos discos tónicos limpian la piel en profundidad y ayudan a eliminar el exceso de sebo y las impurezas sin alterar la hidratación natural de la piel. Su fórmula, enriquecida con antioxidantes, contribuye a mantener los poros visiblemente más limpios y a mejorar el aspecto general de la textura de la piel.</p>
<p>Son ideales para pieles mixtas y grasas que tienden a presentar brillo durante el día o poros visibles. Además, exfolian suavemente la superficie de la piel, ayudando a eliminar las células muertas y dejando una sensación de frescura y suavidad.</p>
<p><strong>Desliza un disco sobre el rostro limpio, prestando especial atención a la zona T. No necesita aclarado. Así de sencillo.</strong></p>
<h2>Lo que te encantará</h2>
<ul>
<li>
<p>Ayuda a controlar el exceso de brillo durante el día.</p>
</li>
<li>
<p>Los poros lucen visiblemente más refinados con el uso continuado.</p>
</li>
<li>
<p>Piel con una textura más suave y uniforme.</p>
</li>
<li>
<p>Sensación de frescura y acabado mate.</p>
</li>
</ul>
<p><strong>[Número de discos] por envase</strong> — Aptos para el uso diario, por la mañana y/o por la noche.</p>
<hr>
<h2>📦 Envío y Entrega</h2>
<p>Preparamos tu pedido en <strong>1 a 2 días laborables</strong>. El plazo de entrega habitual es de <strong>7 a 14 días laborables</strong>. Recibirás automáticamente un correo electrónico con la información de seguimiento en cuanto tu pedido sea enviado.</p>
<p>✅ <strong>Envío gratuito en pedidos superiores a 50 €</strong><br>🔄 <strong>Garantía de devolución de 30 días.</strong> Si no quedas satisfecho, ponte en contacto con nosotros y encontraremos una solución.<br>🔒 <strong>Pago 100 % seguro</strong> con PayPal, Visa, Mastercard, Apple Pay y Google Pay.</p>"
"50g-collagen-anti-wrinkle-firming-face-cream-deep-hydration-fade-fine-lines-lifting-anti-aging-whitening-korean-skin-care-cream","<h2><strong>Piel más firme y joven — visible desde las primeras semanas.</strong></h2>
<p>Nuestra crema antiedad con colágeno activo hidrata en profundidad, mejora la elasticidad y reduce visiblemente las líneas de expresión. Textura rica pero ligera, absorción inmediata, sin sensación grasa.</p>

<h3>✨ Beneficios clave</h3>
<ul>
<li>Hidratación intensa que dura todo el día</li>
<li>Piel visiblemente más firme y elástica</li>
<li>Líneas de expresión reducidas con uso continuado</li>
<li>Tono más uniforme, fresco y luminoso</li>
<li>Apta para uso diario — mañana y noche</li>
</ul>

<h3>🧴 Cómo usarla</h3>
<p>Aplica sobre la piel limpia con movimientos suaves y ascendentes hasta su completa absorción. Úsala mañana y noche para resultados óptimos.</p>

<hr>

<h3>🛡️ Tu compra, sin riesgo</h3>
<p>✅ <strong>Envío gratuito en pedidos superiores a 50 €</strong><br>
🔄 <strong>Devolución gratuita en 30 días</strong> — si no estás satisfecha, te devolvemos el dinero sin preguntas.<br>
🔒 <strong>Pago 100% seguro</strong> con PayPal, Visa, Mastercard, Apple Pay y Google Pay.<br>
📦 <strong>Envío en 1–2 días laborables</strong> — seguimiento incluido.</p>"
"5-10-20-30pcs-sadoer-collagen-face-mask-firming-moisturizing-repair-brightening-skincare-face-sheet-mask-facial-masks-skin-care","<h1><strong>Mascarilla Facial de Colágeno</strong></h1>
<h2><strong>Hidratación intensa. Piel con una sensación de mayor firmeza. En solo 15 minutos.</strong></h2>
<p>Disfruta de un tratamiento facial enriquecido con colágeno que aporta una hidratación intensa y ayuda a dejar la piel con un aspecto más fresco, suave y luminoso. Su tejido se adapta perfectamente al contorno del rostro para favorecer el contacto de la esencia con la piel y ofrecer una experiencia de cuidado cómoda y relajante.</p>
<p>Ideal antes de un evento especial, después de un largo día o como parte de tu ritual semanal de belleza.</p>
<p><strong>Despliega la mascarilla y aplícala sobre el rostro limpio. Déjala actuar entre 15 y 20 minutos. Retírala y masajea suavemente la esencia restante hasta su completa absorción. No es necesario aclarar. Así de sencillo.</strong></p>
<h2>Lo que te encantará</h2>
<ul>
<li>
<p>Piel intensamente hidratada y con una agradable sensación de confort.</p>
</li>
<li>
<p>Aspecto más fresco y luminoso después de cada aplicación.</p>
</li>
<li>
<p>Piel más suave y flexible al tacto.</p>
</li>
<li>
<p>Un tono de piel más uniforme con el uso continuado.</p>
</li>
</ul>
<p><strong>Envase con [número] mascarillas</strong> — Se recomienda utilizarla de <strong>2 a 3 veces por semana</strong> para obtener los mejores resultados.</p>
<hr>
<h2>📦 Envío y Entrega</h2>
<p>Preparamos tu pedido en <strong>1 a 2 días laborables</strong>. El plazo de entrega habitual es de <strong>7 a 14 días laborables</strong>. Recibirás automáticamente un correo electrónico con la información de seguimiento en cuanto tu pedido sea enviado.</p>
<p>✅ <strong>Envío gratuito en pedidos superiores a 50 €</strong><br>🔄 <strong>Garantía de devolución de 30 días.</strong> Si no quedas satisfecho, ponte en contacto con nosotros y encontraremos una solución.<br>🔒 <strong>Pago 100 % seguro</strong> con PayPal, Visa, Mastercard, Apple Pay y Google Pay.</p>"
"centella-facial-care-combo-gentle-soothing-makeup-remover-oil-centella-cleanser-centella-serum-set-for-sensitive-skin-daily-care","<h1><strong>Set de Cuidado con Centella para Piel Sensible</strong></h1>
<h2><strong>Calma, confort y cuidado en tres sencillos pasos. Para una piel que merece la máxima delicadeza.</strong></h2>
<p>Descubre una rutina completa enriquecida con <strong>Centella Asiatica</strong>, un ingrediente reconocido en la cosmética coreana por ayudar a cuidar y reconfortar la piel sensible. Este exclusivo set combina un aceite limpiador, un limpiador facial y un sérum para limpiar, hidratar y dejar la piel con una agradable sensación de confort.</p>
<p>El aceite elimina eficazmente el maquillaje, el protector solar y las impurezas sin alterar la barrera natural de la piel. A continuación, el limpiador completa la limpieza con suavidad, mientras que el sérum aporta hidratación y ayuda a mantener la piel fresca, equilibrada y confortable.</p>
<p>Perfecto para tu rutina de noche o siempre que tu piel necesite un cuidado extra.</p>
<p><strong>Aplica el aceite sobre la piel seca y masajea suavemente. Emulsiona con agua y aclara. Continúa con el limpiador facial y finaliza aplicando el sérum sobre la piel limpia. Así de sencillo.</strong></p>
<h2>Lo que te encantará</h2>
<ul>
<li>
<p>Sensación de limpieza profunda sin resecar la piel.</p>
</li>
<li>
<p>Piel más suave, hidratada y confortable.</p>
</li>
<li>
<p>Ayuda a mantener el equilibrio natural de la piel.</p>
</li>
<li>
<p>Ideal para pieles sensibles o con tendencia a la irritación.</p>
</li>
</ul>
<p><strong>Set de 3 productos</strong>: aceite limpiador, limpiador facial y sérum <strong>([contenido por producto])</strong>.</p>
<hr>
<h2>📦 Envío y Entrega</h2>
<p>Preparamos tu pedido en <strong>1 a 2 días laborables</strong>. El plazo de entrega habitual es de <strong>7 a 14 días laborables</strong>. Recibirás automáticamente un correo electrónico con la información de seguimiento en cuanto tu pedido sea enviado.</p>
<p>✅ <strong>Envío gratuito en pedidos superiores a 50 €</strong><br>🔄 <strong>Garantía de devolución de 30 días.</strong> Si no quedas satisfecho, ponte en contacto con nosotros y encontraremos una solución.<br>🔒 <strong>Pago 100 % seguro</strong> con PayPal, Visa, Mastercard, Apple Pay y Google Pay.</p>"
"24k-pure-gold-moist-repair-mask-face-cream-collagen-anti-wrinkle-sleeping-mask-whitening-moisturizing-anti-aging-skin-care","<div class=""detailmodule_html"">
<div class=""detail-desc-decorate-richtext"">
<div>
<div class=""_chunkWrapper_6ta1u_30"">
<h1><strong>Mascarilla Reparadora de Oro de 24 Quilates</strong></h1>
<h2><strong>Despierta con una piel radiante cada mañana.</strong></h2>
<p>Mientras duermes, tu piel aprovecha la noche para renovarse de forma natural. Esta mascarilla de noche con <strong>Oro de 24 Quilates</strong>, <strong>colágeno</strong> y <strong>extracto de aloe vera</strong> acompaña ese proceso con una fórmula intensamente hidratante que ayuda a dejar la piel más suave, luminosa y con una agradable sensación de confort al despertar.</p>
<p>Su textura rica envuelve la piel durante la noche sin dejar una sensación pesada, proporcionando un cuidado intensivo para quienes buscan una piel con un aspecto más fresco, uniforme y revitalizado.</p>
<p><strong>Una mascarilla. Cada noche. Un ritual de belleza que tu piel agradecerá.</strong></p>
<h2>Lo que te encantará</h2>
<ul>
<li>
<p>Hidratación intensa durante toda la noche.</p>
</li>
<li>
<p>Piel con una sensación de mayor suavidad y elasticidad.</p>
</li>
<li>
<p>Un aspecto más luminoso y uniforme con el uso continuado.</p>
</li>
<li>
<p>Textura nutritiva y confortable, ideal para la rutina nocturna.</p>
</li>
</ul>
<p><strong>120 g</strong> — Apta para el uso diario como mascarilla de noche.</p>
<hr>
<h2>📦 Envío y Entrega</h2>
<p>Preparamos tu pedido en <strong>1 a 2 días laborables</strong>. El plazo de entrega habitual es de <strong>7 a 14 días laborables</strong>. Recibirás automáticamente un correo electrónico con la información de seguimiento en cuanto tu pedido sea enviado.</p>
<p>✅ <strong>Envío gratuito en pedidos superiores a 50 €</strong></p>
<p>🔄 <strong>Garantía de devolución de 30 días.</strong><br>Si no quedas satisfecho, ponte en contacto con nosotros y encontraremos una solución.</p>
<p>🔒 <strong>Pago 100 % seguro</strong><br>Con PayPal, Visa, Mastercard, Apple Pay y Google Pay.</p>
</div>
</div>
</div>
</div>"
"60pcs-golden-moisturizing-eye-mask-relieve-eye-fatigue-nourish-eye-area-collagen-crystal-eye-mask-korean-skin-care-masks","<h1><strong>Parches de Oro para el Contorno de Ojos (60 unidades)</strong></h1>
<h2><strong>20 minutos para una mirada más fresca y luminosa.</strong></h2>
<p>La delicada piel del contorno de ojos merece un cuidado especial. Estos parches están enriquecidos con <strong>esencia de Oro de 24 Quilates</strong>, <strong>colágeno hidrolizado</strong> y <strong>ácido hialurónico</strong>, una combinación cuidadosamente formulada para hidratar intensamente y aportar una agradable sensación de frescura.</p>
<p>En solo <strong>20 minutos</strong>, ayudan a que el contorno de los ojos luzca más descansado, suave y luminoso, convirtiéndose en el complemento perfecto para tu rutina diaria o para preparar la piel antes de una ocasión especial.</p>
<p><strong>60 parches. 30 tratamientos. Un pequeño ritual de belleza con grandes sensaciones.</strong></p>
<h2>Lo que te encantará</h2>
<ul>
<li>
<p>Contorno de ojos con un aspecto más fresco y descansado.</p>
</li>
<li>
<p>Hidratación intensa para la delicada zona de los ojos.</p>
</li>
<li>
<p>Piel más suave y luminosa con el uso continuado.</p>
</li>
<li>
<p>Sensación de confort y frescura en cada aplicación.</p>
</li>
</ul>
<p><strong>60 parches</strong> — Suficientes para <strong>30 tratamientos completos</strong>.</p>
<hr>
<h2>📦 Envío y Entrega</h2>
<p>Preparamos tu pedido en <strong>1 a 2 días laborables</strong>. El plazo de entrega habitual es de <strong>7 a 14 días laborables</strong>. Recibirás automáticamente un correo electrónico con la información de seguimiento en cuanto tu pedido sea enviado.</p>
<p>✅ <strong>Envío gratuito en pedidos superiores a 50 €</strong></p>
<p>🔄 <strong>Garantía de devolución de 30 días</strong><br>Si no quedas satisfecho, ponte en contacto con nosotros y encontraremos una solución.</p>
<p>🔒 <strong>Pago 100 % seguro</strong><br>Con PayPal, Visa, Mastercard, Apple Pay y Google Pay.</p>"
"24k-gold-peel-off-mask-to-remove-blackheads-and-acne-and-cleanse-facial-masks-moisturizing-firming-brightening-skin-care-product","<h1><strong>Mascarilla Peel-Off de Oro de 24 Quilates</strong></h1>
<h2><strong>Retírala. Descubre una piel más luminosa.</strong></h2>
<p>Convierte tu rutina de cuidado facial en un auténtico ritual de belleza con esta exclusiva <strong>Mascarilla Peel-Off de Oro de 24 Quilates</strong>. Su fórmula enriquecida con <strong>Oro de 24 Quilates</strong>, <strong>colágeno</strong> y <strong>ácido hialurónico</strong> ayuda a eliminar las impurezas y las células muertas de la superficie de la piel, dejando una agradable sensación de limpieza y frescura.</p>
<p>Al retirar la mascarilla, la piel luce más suave, luminosa y con una textura visiblemente más uniforme. Una experiencia de cuidado facial tan eficaz como satisfactoria.</p>
<p><strong>Un solo gesto. Un momento de lujo para tu piel.</strong></p>
<h2>Lo que te encantará</h2>
<ul>
<li>
<p>Piel más suave y limpia desde la primera aplicación.</p>
</li>
<li>
<p>Ayuda a mejorar el aspecto de los poros con el uso continuado.</p>
</li>
<li>
<p>Favorece una piel con un aspecto más uniforme y luminoso.</p>
</li>
<li>
<p>Sensación de limpieza profunda y frescura.</p>
</li>
</ul>
<p><strong>120 g</strong> — Apta para todo tipo de piel. Se recomienda utilizarla <strong>una vez por semana</strong> como parte de tu rutina de cuidado facial.</p>
<hr>
<h2>📦 Envío y Entrega</h2>
<p>Preparamos tu pedido en <strong>1 a 2 días laborables</strong>. El plazo de entrega habitual es de <strong>7 a 14 días laborables</strong>. Recibirás automáticamente un correo electrónico con la información de seguimiento en cuanto tu pedido sea enviado.</p>
<p>✅ <strong>Envío gratuito en pedidos superiores a 50 €</strong></p>
<p>🔄 <strong>Garantía de devolución de 30 días</strong><br>Si no quedas satisfecho, ponte en contacto con nosotros y encontraremos una solución.</p>
<p>🔒 <strong>Pago 100 % seguro</strong><br>Con PayPal, Visa, Mastercard, Apple Pay y Google Pay.</p>"
"collagen-wrapping-mask-and-brush-set-rejuvenation-moisturize-brightening-korean-face-mask-make-glowy-skin-elasticity-facial-mask","<h1><strong>Mascarilla de Colágeno con Brocha Aplicadora</strong></h1>
<h2><strong>Nutrición intensiva. Piel más suave. Despierta con una sensación de frescura cada mañana.</strong></h2>
<p>Mientras descansas, esta mascarilla enriquecida con <strong>colágeno</strong>, <strong>péptidos</strong> y extractos vegetales nutritivos aporta una hidratación intensa y ayuda a mantener la piel suave, flexible y luminosa. Su fórmula cremosa envuelve el rostro con una agradable sensación de confort para convertir tu rutina nocturna en un auténtico ritual de belleza.</p>
<p>La brocha aplicadora incluida permite extender el producto de forma uniforme y cómoda, para una aplicación limpia y precisa.</p>
<p><strong>Aplica, relájate y deja que tu piel disfrute del cuidado durante la noche. Así de sencillo.</strong></p>
<h2>Lo que te encantará</h2>
<ul>
<li>
<p>Piel con una sensación de mayor hidratación y suavidad.</p>
</li>
<li>
<p>Ayuda a mantener la elasticidad natural de la piel.</p>
</li>
<li>
<p>Aspecto más luminoso y uniforme con el uso continuado.</p>
</li>
<li>
<p>Aplicación cómoda y precisa gracias a la brocha incluida.</p>
</li>
</ul>
<p><strong>75 ml</strong> — Incluye <strong>brocha aplicadora</strong> para una aplicación uniforme.</p>
<hr>
<h2>📦 Envío y Entrega</h2>
<p>Preparamos tu pedido en <strong>1 a 2 días laborables</strong>. El plazo de entrega habitual es de <strong>7 a 14 días laborables</strong>. Recibirás automáticamente un correo electrónico con la información de seguimiento en cuanto tu pedido sea enviado.</p>
<p>✅ <strong>Envío gratuito en pedidos superiores a 50 €</strong></p>
<p>🔄 <strong>Garantía de devolución de 30 días</strong><br>Si no quedas satisfecho, ponte en contacto con nosotros y encontraremos una solución.</p>
<p>🔒 <strong>Pago 100 % seguro</strong><br>Con PayPal, Visa, Mastercard, Apple Pay y Google Pay.</p>"
